,–†–∞—Å—Å—Ç–æ—è–Ω–∏–µ,–ö—É–∑–æ–≤,–í—Ä–µ–º—è –∑–∞–≥—Ä—É–∑–∫–∏,–í—Ä–µ–º—è –≤—ã–≥—Ä—É–∑–∫–∏,–¶–µ–Ω–∞,–û—Ç–∫—É–¥–∞,–ö—É–¥–∞,–ú–∞—Å—Å–∞,–û–±—ä–µ–º
0,825 –∫–º,—Ç–µ–Ω—Ç. –±–æ—Ä—Ç.,3-6 –∏—é–ª,,,"–í—ã–∫—Å–∞, –ù–∏–∂–µ–≥–æ—Ä–æ–¥—Å–∫–∞—è –æ–±–ª–∞—Å—Ç—å","–í–µ—Ä—Ö–Ω–∏–µ –ü–∏–Ω—è—á–∏, –¢–∞—Ç–∞—Ä—Å—Ç–∞–Ω —Ä–µ—Å–ø—É–±–ª–∏–∫–∞",20,82
1,825 –∫–º,—Ç–µ–Ω—Ç. –±–æ—Ä—Ç.,3-6 –∏—é–ª,,,"–í—ã–∫—Å–∞, –ù–∏–∂–µ–≥–æ—Ä–æ–¥—Å–∫–∞—è –æ–±–ª–∞—Å—Ç—å","–í–µ—Ä—Ö–Ω–∏–µ –ü–∏–Ω—è—á–∏, –¢–∞—Ç–∞—Ä—Å—Ç–∞–Ω —Ä–µ—Å–ø—É–±–ª–∏–∫–∞",20,82
2,905 –∫–º,–∑–∞–∫—Ä.,5-6 –∏—é–ª,7 –∏—é–ª,"6 000 ‚ÇΩ;6,6‚ÇΩ/–∫–º",–ö–∞–∑–∞–Ω—å,"–í–∏–¥–Ω–æ–µ, –ú–æ—Å–∫–æ–≤—Å–∫–∞—è –æ–±–ª–∞—Å—Ç—å","0,48",-
3,905 –∫–º,–∑–∞–∫—Ä.,5-6 –∏—é–ª,7 –∏—é–ª,"6 000 ‚ÇΩ;6,6‚ÇΩ/–∫–º",–ö–∞–∑–∞–Ω—å,"–í–∏–¥–Ω–æ–µ, –ú–æ—Å–∫–æ–≤—Å–∫–∞—è –æ–±–ª–∞—Å—Ç—å","0,5",-
4,905 –∫–º,–∑–∞–∫—Ä.,5 –∏—é–ª,,"6 000 ‚ÇΩ;6,6‚ÇΩ/–∫–º",–ö–∞–∑–∞–Ω—å,"–í–∏–¥–Ω–æ–µ, –ú–æ—Å–∫–æ–≤—Å–∫–∞—è –æ–±–ª–∞—Å—Ç—å","0,5",-
5,904 –∫–º,–∑–∞–∫—Ä.,–ø–æ—Å—Ç–æ—è–Ω–Ω–æ –ø–æ —Ä–∞–±.–¥–Ω—è–º,,,–ö–∞–∑–∞–Ω—å,"–í–∏–¥–Ω–æ–µ, –ú–æ—Å–∫–æ–≤—Å–∫–∞—è –æ–±–ª–∞—Å—Ç—å",20,82
6,767 –∫–º,3 –º–∞—à. —Ç–µ–Ω—Ç.,1-4 –∏—é–ª,,"65 000 ‚ÇΩ;84,7‚ÇΩ/–∫–º",–í–ª–∞–¥–∏–≤–æ—Å—Ç–æ–∫,–•–∞–±–∞—Ä–æ–≤—Å–∫,24,50
7,766 –∫–º,–æ—Ç–∫—Ä. –Ω–µ–≥–∞–±.,3-12 –∏—é–ª,,2¬†000 ‚ÇΩ/—Ç—Å –ù–î–° 2¬†000 ‚ÇΩ/—Ç —Å –ù–î–°,"–í–ª–∞–¥–∏–≤–æ—Å—Ç–æ–∫, –°–Ω–µ–≥–æ–≤–∞—è","–•–∞–±–∞—Ä–æ–≤—Å–∫, –£—Ö—Ç–æ–º—Å–∫–æ–≥–æ",20,-
8,1415 –∫–º,—Ç–µ–Ω—Ç.,4 –∏—é–ª,,"75 000 ‚ÇΩ;53,0‚ÇΩ/–∫–º","–†–∞–∑–¥–æ–ª—å–Ω–æ–µ, –ü—Ä–∏–º–æ—Ä—Å–∫–∏–π –∫—Ä–∞–π",–•–∞–±–∞—Ä–æ–≤—Å–∫,20,81
9,746 –∫–º,–∑–∞–∫—Ä. —Ä–µ—Ñ.,–ø–æ—Å—Ç–æ—è–Ω–Ω–æ –ø–æ —Ä–∞–±.–¥–Ω—è–º,,,"–ê—Ä—Ç—ë–º, –ü—Ä–∏–º–æ—Ä—Å–∫–∏–π –∫—Ä–∞–π",–•–∞–±–∞—Ä–æ–≤—Å–∫,15,82
10,746 –∫–º,—Ä–µ—Ñ.,–ø–æ—Å—Ç–æ—è–Ω–Ω–æ –µ–∂–µ–¥–Ω.,,,"–ê—Ä—Ç—ë–º, –ü—Ä–∏–º–æ—Ä—Å–∫–∏–π –∫—Ä–∞–π",–•–∞–±–∞—Ä–æ–≤—Å–∫,22,82
11,767 –∫–º,–æ—Ç–∫—Ä.,5 –∏—é–ª,,,–í–ª–∞–¥–∏–≤–æ—Å—Ç–æ–∫,–•–∞–±–∞—Ä–æ–≤—Å–∫,23,-
12,767 –∫–º,–±–æ—Ä—Ç.,4 –∏—é–ª,,,–í–ª–∞–¥–∏–≤–æ—Å—Ç–æ–∫,–•–∞–±–∞—Ä–æ–≤—Å–∫,24,82
13,767 –∫–º,–±–æ—Ä—Ç.,4 –∏—é–ª,,"40 000 ‚ÇΩ;52,2‚ÇΩ/–∫–º",–í–ª–∞–¥–∏–≤–æ—Å—Ç–æ–∫,–•–∞–±–∞—Ä–æ–≤—Å–∫,20,82
14,1146 –∫–º,–±–æ—Ä—Ç.,4 –∏—é–ª,,"75 000 ‚ÇΩ;65,4‚ÇΩ/–∫–º",–í–ª–∞–¥–∏–≤–æ—Å—Ç–æ–∫,"–ö–æ–º—Å–æ–º–æ–ª—å—Å–∫-–Ω–∞-–ê–º—É—Ä–µ, –•–∞–±–∞—Ä–æ–≤—Å–∫–∏–π –∫—Ä–∞–π",20,82
15,671 –∫–º,—Ç–µ–Ω—Ç. –±–æ—Ä—Ç. —à–∞–ª.,4-7 –∏—é–ª,,"15 000 ‚ÇΩ;22,4‚ÇΩ/–∫–º","–£—Å—Å—É—Ä–∏–π—Å–∫, –ü—Ä–∏–º–æ—Ä—Å–∫–∏–π –∫—Ä–∞–π",–•–∞–±–∞—Ä–æ–≤—Å–∫,"1,2",-
16,770 –∫–º,–∑–∞–∫—Ä.,5 –∏—é–ª 17:00,6 –∏—é–ª 8:00-9:00,"20 000 ‚ÇΩ;26,0‚ÇΩ/–∫–º","–í–ª–∞–¥–∏–≤–æ—Å—Ç–æ–∫, –ê—Ä—Ç—ë–º",–•–∞–±–∞—Ä–æ–≤—Å–∫,1,3
17,1415 –∫–º,—Ç–µ–Ω—Ç.,4 –∏—é–ª,,,"–†–∞–∑–¥–æ–ª—å–Ω–æ–µ, –ü—Ä–∏–º–æ—Ä—Å–∫–∏–π –∫—Ä–∞–π",–•–∞–±–∞—Ä–æ–≤—Å–∫,20,82
18,709 –∫–º,—Ç–µ–Ω—Ç.,4 –∏—é–ª,,,"–†–∞–∑–¥–æ–ª—å–Ω–æ–µ, –ü—Ä–∏–º–æ—Ä—Å–∫–∏–π –∫—Ä–∞–π",–•–∞–±–∞—Ä–æ–≤—Å–∫,20,81
19,709 –∫–º,—Ç–µ–Ω—Ç.,4 –∏—é–ª,,"45 000 ‚ÇΩ;63,5‚ÇΩ/–∫–º","–†–∞–∑–¥–æ–ª—å–Ω–æ–µ, –ü—Ä–∏–º–æ—Ä—Å–∫–∏–π –∫—Ä–∞–π",–•–∞–±–∞—Ä–æ–≤—Å–∫,20,81
20,1797 –∫–º,–±–µ–∑–±–æ—Ä—Ç.,11 –∏—é–ª,,,–í–ª–∞–¥–∏–≤–æ—Å—Ç–æ–∫,"–ú–Ω–æ–≥–æ–≤–µ—Ä—à–∏–Ω–Ω—ã–π, –•–∞–±–∞—Ä–æ–≤—Å–∫–∏–π –∫—Ä–∞–π",20,-
21,1149 –∫–º,—Ç–µ–Ω—Ç.,6 –∏—é–ª,,,"–í–ª–∞–¥–∏–≤–æ—Å—Ç–æ–∫, –ö–∞–ª–∏–Ω–∏–Ω–∞ 4–ë","–ö–æ–º—Å–æ–º–æ–ª—å—Å–∫-–Ω–∞-–ê–º—É—Ä–µ, –•–∞–±–∞—Ä–æ–≤—Å–∫–∏–π –∫—Ä–∞–π",20,92
22,709 –∫–º,—Ç–µ–Ω—Ç.,4 –∏—é–ª,,,"–†–∞–∑–¥–æ–ª—å–Ω–æ–µ, –ü—Ä–∏–º–æ—Ä—Å–∫–∏–π –∫—Ä–∞–π",–•–∞–±–∞—Ä–æ–≤—Å–∫,20,82
23,709 –∫–º,—Ç–µ–Ω—Ç.,4 –∏—é–ª,,,"–†–∞–∑–¥–æ–ª—å–Ω–æ–µ, –ü—Ä–∏–º–æ—Ä—Å–∫–∏–π –∫—Ä–∞–π",–•–∞–±–∞—Ä–æ–≤—Å–∫,20,82
24,1419 –∫–º,—Ç–µ–Ω—Ç.,4 –∏—é–ª,,,"–†–∞–∑–¥–æ–ª—å–Ω–æ–µ, –ü—Ä–∏–º–æ—Ä—Å–∫–∏–π –∫—Ä–∞–π",–•–∞–±–∞—Ä–æ–≤—Å–∫,20,82
25,747 –∫–º,—Ä–µ—Ñ.,4 –∏—é–ª,,,"–ê—Ä—Ç—ë–º, –ü—Ä–∏–º–æ—Ä—Å–∫–∏–π –∫—Ä–∞–π, 1 1 1 11 1 1",–•–∞–±–∞—Ä–æ–≤—Å–∫,20,82
26,746 –∫–º,—Ä–µ—Ñ.,4 –∏—é–ª,,"65 000 ‚ÇΩ;87,1‚ÇΩ/–∫–º","–ê—Ä—Ç—ë–º, –ü—Ä–∏–º–æ—Ä—Å–∫–∏–π –∫—Ä–∞–π",–•–∞–±–∞—Ä–æ–≤—Å–∫,18,82
27,767 –∫–º,—Ç–µ–Ω—Ç.,5-6 –∏—é–ª,,"20 000 ‚ÇΩ;26,1‚ÇΩ/–∫–º",–í–ª–∞–¥–∏–≤–æ—Å—Ç–æ–∫,–•–∞–±–∞—Ä–æ–≤—Å–∫,"4,6",10
28,1297 –∫–º,—Ä–∞–º–Ω. –Ω–ø–ª. —Ç—Ä–∞–ª,4 –∏—é–ª,,,"–ê—Ä—Ç—ë–º, –ü—Ä–∏–º–æ—Ä—Å–∫–∏–π –∫—Ä–∞–π","–°–æ–≤–µ—Ç—Å–∫–∞—è –ì–∞–≤–∞–Ω—å, –•–∞–±–∞—Ä–æ–≤—Å–∫–∏–π –∫—Ä–∞–π",25,-
29,766 –∫–º,–æ—Ç–∫—Ä. –Ω–µ–≥–∞–±.,3-12 –∏—é–ª,,2¬†000 ‚ÇΩ/—Ç—Å –ù–î–° 2¬†000 ‚ÇΩ/—Ç —Å –ù–î–°,"–í–ª–∞–¥–∏–≤–æ—Å—Ç–æ–∫, –°–Ω–µ–≥–æ–≤–∞—è","–•–∞–±–∞—Ä–æ–≤—Å–∫, –£—Ö—Ç–æ–º—Å–∫–æ–≥–æ",20,-
30,1283 –∫–º,–Ω–µ–≥–∞–±.,–ø–æ—Å—Ç–æ—è–Ω–Ω–æ –ø–æ —Ä–∞–±.–¥–Ω—è–º,,"100 000 ‚ÇΩ;77,9‚ÇΩ/–∫–º",–í–ª–∞–¥–∏–≤–æ—Å—Ç–æ–∫,"–í–∞–Ω–∏–Ω–æ, –•–∞–±–∞—Ä–æ–≤—Å–∫–∏–π –∫—Ä–∞–π",11,-
31,746 –∫–º,—Ä–µ—Ñ.,–ø–æ—Å—Ç–æ—è–Ω–Ω–æ –ø–æ —Ä–∞–±.–¥–Ω—è–º,,"75 000 ‚ÇΩ;100,5‚ÇΩ/–∫–º","–ê—Ä—Ç—ë–º, –ü—Ä–∏–º–æ—Ä—Å–∫–∏–π –∫—Ä–∞–π",–•–∞–±–∞—Ä–æ–≤—Å–∫,20,82
32,671 –∫–º,—Ç–µ–Ω—Ç. –±–æ—Ä—Ç. —à–∞–ª.,4-7 –∏—é–ª,,"15 000 ‚ÇΩ;22,4‚ÇΩ/–∫–º","–£—Å—Å—É—Ä–∏–π—Å–∫, –ü—Ä–∏–º–æ—Ä—Å–∫–∏–π –∫—Ä–∞–π",–•–∞–±–∞—Ä–æ–≤—Å–∫,"1,2",-
33,767 –∫–º,–∑–∞–∫—Ä. —Ä–µ—Ñ.,5 –∏—é–ª,,"50 000 ‚ÇΩ;65,2‚ÇΩ/–∫–º",–í–ª–∞–¥–∏–≤–æ—Å—Ç–æ–∫,–•–∞–±–∞—Ä–æ–≤—Å–∫,20,-
34,767 –∫–º,—Ç—Ä–∞–ª,4-8 –∏—é–ª,,,–í–ª–∞–¥–∏–≤–æ—Å—Ç–æ–∫,–•–∞–±–∞—Ä–æ–≤—Å–∫,"17,5",-
35,1096 –∫–º,—Ç–µ–Ω—Ç.,4-5 –∏—é–ª,,"50 000 ‚ÇΩ;45,6‚ÇΩ/–∫–º","–ü–æ–≥—Ä–∞–Ω–∏—á–Ω—ã–π, –ü—Ä–∏–º–æ—Ä—Å–∫–∏–π –∫—Ä–∞–π","–ö–æ–º—Å–æ–º–æ–ª—å—Å–∫-–Ω–∞-–ê–º—É—Ä–µ, –•–∞–±–∞—Ä–æ–≤—Å–∫–∏–π –∫—Ä–∞–π",5,-
36,1096 –∫–º,—Ç–µ–Ω—Ç.,4-5 –∏—é–ª,,"50 000 ‚ÇΩ;45,6‚ÇΩ/–∫–º","–ü–æ–≥—Ä–∞–Ω–∏—á–Ω—ã–π, –ü—Ä–∏–º–æ—Ä—Å–∫–∏–π –∫—Ä–∞–π","–ö–æ–º—Å–æ–º–æ–ª—å—Å–∫-–Ω–∞-–ê–º—É—Ä–µ, –•–∞–±–∞—Ä–æ–≤—Å–∫–∏–π –∫—Ä–∞–π",5,-
37,1146 –∫–º,—Ç–µ–Ω—Ç.,4-7 –∏—é–ª,,,–í–ª–∞–¥–∏–≤–æ—Å—Ç–æ–∫,"–ö–æ–º—Å–æ–º–æ–ª—å—Å–∫-–Ω–∞-–ê–º—É—Ä–µ, –•–∞–±–∞—Ä–æ–≤—Å–∫–∏–π –∫—Ä–∞–π",20,-
38,1271 –∫–º,—Ç–µ–Ω—Ç. –±–æ—Ä—Ç.,1-4 –∏—é–ª,,,"–ù–∞—Ö–æ–¥–∫–∞, –ü—Ä–∏–º–æ—Ä—Å–∫–∏–π –∫—Ä–∞–π","–ö–æ–º—Å–æ–º–æ–ª—å—Å–∫-–Ω–∞-–ê–º—É—Ä–µ, –•–∞–±–∞—Ä–æ–≤—Å–∫–∏–π –∫—Ä–∞–π",20,-
39,1051 –∫–º,—Ç–µ–Ω—Ç. –±–æ—Ä—Ç.,1-4 –∏—é–ª,,,"–£—Å—Å—É—Ä–∏–π—Å–∫, –ü—Ä–∏–º–æ—Ä—Å–∫–∏–π –∫—Ä–∞–π","–ö–æ–º—Å–æ–º–æ–ª—å—Å–∫-–Ω–∞-–ê–º—É—Ä–µ, –•–∞–±–∞—Ä–æ–≤—Å–∫–∏–π –∫—Ä–∞–π",20,-
40,1662 –∫–º,—Ç–µ–Ω—Ç.,11 –∏—é–ª,,,"–í–ª–∞–¥–∏–≤–æ—Å—Ç–æ–∫, –ü–æ —Ç—Ç–Ω","–ù–∏–∫–æ–ª–∞–µ–≤—Å–∫-–Ω–∞-–ê–º—É—Ä–µ, –•–∞–±–∞—Ä–æ–≤—Å–∫–∏–π –∫—Ä–∞–π, –ø–æ —Ç—Ç–Ω",20,92
41,1184 –∫–º,—Ç—Ä–∞–ª,1-4 –∏—é–ª,,,–í–ª–∞–¥–∏–≤–æ—Å—Ç–æ–∫,"–°–æ–ª–Ω–µ—á–Ω—ã–π, –•–∞–±–∞—Ä–æ–≤—Å–∫–∏–π –∫—Ä–∞–π",20,-
42,1051 –∫–º,—Ç–µ–Ω—Ç. –±–æ—Ä—Ç.,1-4 –∏—é–ª,,,"–£—Å—Å—É—Ä–∏–π—Å–∫, –ü—Ä–∏–º–æ—Ä—Å–∫–∏–π –∫—Ä–∞–π","–ö–æ–º—Å–æ–º–æ–ª—å—Å–∫-–Ω–∞-–ê–º—É—Ä–µ, –•–∞–±–∞—Ä–æ–≤—Å–∫–∏–π –∫—Ä–∞–π",20,-
43,1797 –∫–º,–±–µ–∑–±–æ—Ä—Ç.,11 –∏—é–ª,,,–í–ª–∞–¥–∏–≤–æ—Å—Ç–æ–∫,"–ú–Ω–æ–≥–æ–≤–µ—Ä—à–∏–Ω–Ω—ã–π, –•–∞–±–∞—Ä–æ–≤—Å–∫–∏–π –∫—Ä–∞–π",20,-
44,746 –∫–º,—Ä–µ—Ñ.,1-5 –∏—é–ª,,"57 000 ‚ÇΩ;76,4‚ÇΩ/–∫–º","–ê—Ä—Ç—ë–º, –ü—Ä–∏–º–æ—Ä—Å–∫–∏–π –∫—Ä–∞–π",–•–∞–±–∞—Ä–æ–≤—Å–∫,20,-
45,1625 –∫–º,—Ç–µ–Ω—Ç. –æ—Ç–∫—Ä.,4-6 –∏—é–ª,,,"–°—Ç–µ—Ä–ª–∏—Ç–∞–º–∞–∫, –ë–∞—à–∫–æ—Ä—Ç–æ—Å—Ç–∞–Ω —Ä–µ—Å–ø—É–±–ª–∏–∫–∞","–ü—Ä–æ—Ç–≤–∏–Ω–æ, –ú–æ—Å–∫–æ–≤—Å–∫–∞—è –æ–±–ª–∞—Å—Ç—å",15,82
46,1625 –∫–º,—Ç–µ–Ω—Ç. –æ—Ç–∫—Ä.,4-6 –∏—é–ª,,,"–°—Ç–µ—Ä–ª–∏—Ç–∞–º–∞–∫, –ë–∞—à–∫–æ—Ä—Ç–æ—Å—Ç–∞–Ω —Ä–µ—Å–ø—É–±–ª–∏–∫–∞","–ü—Ä–æ—Ç–≤–∏–Ω–æ, –ú–æ—Å–∫–æ–≤—Å–∫–∞—è –æ–±–ª–∞—Å—Ç—å",15,82
47,1115 –∫–º,—Ç–µ–Ω—Ç.,4 –∏—é–ª,,,"–ù–∏–∂–Ω–µ–∫–∞–º—Å–∫, –¢–∞—Ç–∞—Ä—Å—Ç–∞–Ω —Ä–µ—Å–ø—É–±–ª–∏–∫–∞","–•–æ—Ç—å–∫–æ–≤–æ, –ú–æ—Å–∫–æ–≤—Å–∫–∞—è –æ–±–ª–∞—Å—Ç—å","3,5",5
48,835 –∫–º,–∑–∞–∫—Ä.,–ø–æ—Å—Ç–æ—è–Ω–Ω–æ –ø–æ —Ä–∞–±.–¥–Ω—è–º,,,–ö–∞–∑–∞–Ω—å,"–•–æ—Ç—å–∫–æ–≤–æ, –ú–æ—Å–∫–æ–≤—Å–∫–∞—è –æ–±–ª–∞—Å—Ç—å",20,82
49,2091 –∫–º,—Ç–µ–Ω—Ç. —Ñ—É—Ä–≥.,9-10 –∏—é–ª,,"6 000 ‚ÇΩ;2,9‚ÇΩ/–∫–º","–Ø–ø—Ä—ã–∫–æ–≤–æ, –ë–∞—à–∫–æ—Ä—Ç–æ—Å—Ç–∞–Ω —Ä–µ—Å–ø—É–±–ª–∏–∫–∞","–í—ã–±–æ—Ä–≥, –õ–µ–Ω–∏–Ω–≥—Ä–∞–¥—Å–∫–∞—è –æ–±–ª–∞—Å—Ç—å","0,1",1
50,1186 –∫–º,–∑–∞–∫—Ä.,4-5 –∏—é–ª,,,"–ß–µ—Å–Ω–æ–∫–æ–≤–∫–∞, –ë–∞—à–∫–æ—Ä—Ç–æ—Å—Ç–∞–Ω —Ä–µ—Å–ø—É–±–ª–∏–∫–∞","–ë–æ–≥–æ–ª—é–±–æ–≤–æ, –í–ª–∞–¥–∏–º–∏—Ä—Å–∫–∞—è –æ–±–ª–∞—Å—Ç—å","1,2",9
51,1393 –∫–º,–∑–∞–∫—Ä.,4-8 –∏—é–ª,,,"–°–∞–ª–∞–≤–∞—Ç, –ë–∞—à–∫–æ—Ä—Ç–æ—Å—Ç–∞–Ω —Ä–µ—Å–ø—É–±–ª–∏–∫–∞",–ò–≤–∞–Ω–æ–≤–æ,"0,3",3
52,1390 –∫–º,—Ç–µ–Ω—Ç.,–ø–æ—Å—Ç–æ—è–Ω–Ω–æ –ø–æ —Ä–∞–±.–¥–Ω—è–º,,,"–°–∞–ª–∞–≤–∞—Ç, –ë–∞—à–∫–æ—Ä—Ç–æ—Å—Ç–∞–Ω —Ä–µ—Å–ø—É–±–ª–∏–∫–∞",–ò–≤–∞–Ω–æ–≤–æ,20,82
53,1606 –∫–º,—Ç–µ–Ω—Ç.,8-17 –∏—é–ª,,"25 000 ‚ÇΩ;15,6‚ÇΩ/–∫–º",–ù–æ–≤–æ—Å–∏–±–∏—Ä—Å–∫,"–ë–µ—Ä–µ–∑–æ–≤—Å–∫–∏–π, –°–≤–µ—Ä–¥–ª–æ–≤—Å–∫–∞—è –æ–±–ª–∞—Å—Ç—å",4,82
54,1626 –∫–º,–∑–∞–∫—Ä.,4 –∏—é–ª,,"22 000 ‚ÇΩ;13,5‚ÇΩ/–∫–º","–ù–æ–≤–æ—Å–∏–±–∏—Ä—Å–∫, –ö—Ä–∞—Å–Ω–æ—è—Ä–æ–≤—Å–∫–æ–µ —à–æ—Å—Å–µ","–ë–µ—Ä–µ–∑–æ–≤—Å–∫–∏–π, –°–≤–µ—Ä–¥–ª–æ–≤—Å–∫–∞—è –æ–±–ª–∞—Å—Ç—å","3,6",6
55,1606 –∫–º,–∑–∞–∫—Ä. —Ä–µ—Ñ.,4 –∏—é–ª,,"24 000 ‚ÇΩ;14,9‚ÇΩ/–∫–º",–ù–æ–≤–æ—Å–∏–±–∏—Ä—Å–∫,"–ë–µ—Ä–µ–∑–æ–≤—Å–∫–∏–π, –°–≤–µ—Ä–¥–ª–æ–≤—Å–∫–∞—è –æ–±–ª–∞—Å—Ç—å",10,8
56,1606 –∫–º,–∑–∞–∫—Ä.,5 –∏—é–ª,,,–ù–æ–≤–æ—Å–∏–±–∏—Ä—Å–∫,"–ë–µ—Ä–µ–∑–æ–≤—Å–∫–∏–π, –°–≤–µ—Ä–¥–ª–æ–≤—Å–∫–∞—è –æ–±–ª–∞—Å—Ç—å","8,71","14,9"
57,1593 –∫–º,—Ç–µ–Ω—Ç.,5-6 –∏—é–ª,,"40 000 ‚ÇΩ;25,1‚ÇΩ/–∫–º","–¢–æ–ª–º–∞—á–µ–≤–æ (–ù–æ–≤–æ—Å–∏–±–∏—Ä—Å–∫–∏–π —Ä), –ù–æ–≤–æ—Å–∏–±–∏—Ä—Å–∫–∞—è –æ–±–ª–∞—Å—Ç—å, üî•üî•üî•","–ë–µ—Ä–µ–∑–æ–≤—Å–∫–∏–π, –°–≤–µ—Ä–¥–ª–æ–≤—Å–∫–∞—è –æ–±–ª–∞—Å—Ç—å",17,80
58,1606 –∫–º,—Ç–µ–Ω—Ç.,8-17 –∏—é–ª,,"25 000 ‚ÇΩ;15,6‚ÇΩ/–∫–º",–ù–æ–≤–æ—Å–∏–±–∏—Ä—Å–∫,"–ë–µ—Ä–µ–∑–æ–≤—Å–∫–∏–π, –°–≤–µ—Ä–¥–ª–æ–≤—Å–∫–∞—è –æ–±–ª–∞—Å—Ç—å",4,82
59,1626 –∫–º,–∑–∞–∫—Ä.,4 –∏—é–ª,,"22 000 ‚ÇΩ;13,5‚ÇΩ/–∫–º","–ù–æ–≤–æ—Å–∏–±–∏—Ä—Å–∫, –ö—Ä–∞—Å–Ω–æ—è—Ä–æ–≤—Å–∫–æ–µ —à–æ—Å—Å–µ","–ë–µ—Ä–µ–∑–æ–≤—Å–∫–∏–π, –°–≤–µ—Ä–¥–ª–æ–≤—Å–∫–∞—è –æ–±–ª–∞—Å—Ç—å","3,6",6
60,1606 –∫–º,–∑–∞–∫—Ä. —Ä–µ—Ñ.,4 –∏—é–ª,,"24 000 ‚ÇΩ;14,9‚ÇΩ/–∫–º",–ù–æ–≤–æ—Å–∏–±–∏—Ä—Å–∫,"–ë–µ—Ä–µ–∑–æ–≤—Å–∫–∏–π, –°–≤–µ—Ä–¥–ª–æ–≤—Å–∫–∞—è –æ–±–ª–∞—Å—Ç—å",10,8
61,1606 –∫–º,–∑–∞–∫—Ä.,5 –∏—é–ª,,,–ù–æ–≤–æ—Å–∏–±–∏—Ä—Å–∫,"–ë–µ—Ä–µ–∑–æ–≤—Å–∫–∏–π, –°–≤–µ—Ä–¥–ª–æ–≤—Å–∫–∞—è –æ–±–ª–∞—Å—Ç—å","8,71","14,9"
62,1593 –∫–º,—Ç–µ–Ω—Ç.,5-6 –∏—é–ª,,"40 000 ‚ÇΩ;25,1‚ÇΩ/–∫–º","–¢–æ–ª–º–∞—á–µ–≤–æ (–ù–æ–≤–æ—Å–∏–±–∏—Ä—Å–∫–∏–π —Ä), –ù–æ–≤–æ—Å–∏–±–∏—Ä—Å–∫–∞—è –æ–±–ª–∞—Å—Ç—å, üî•üî•üî•","–ë–µ—Ä–µ–∑–æ–≤—Å–∫–∏–π, –°–≤–µ—Ä–¥–ª–æ–≤—Å–∫–∞—è –æ–±–ª–∞—Å—Ç—å",17,80
63,364 –∫–º,—Ç–µ–Ω—Ç.,5-6 –∏—é–ª –∫—Ä—É–≥–ª–æ—Å—É—Ç–æ—á–Ω–æ,,"25 000 ‚ÇΩ;68,7‚ÇΩ/–∫–º","–ù–∏–∫–æ–ª–∞–µ–≤–∫–∞, –£–ª—å—è–Ω–æ–≤—Å–∫–∞—è –æ–±–ª–∞—Å—Ç—å","–£–º–µ—Ç, –ú–æ—Ä–¥–æ–≤–∏—è —Ä–µ—Å–ø—É–±–ª–∏–∫–∞",20,-
64,383 –∫–º,—Ç–µ–Ω—Ç. –±–æ—Ä—Ç.,4 –∏—é–ª,,"32 000 ‚ÇΩ;83,6‚ÇΩ/–∫–º","–ù–æ–≤–æ—É–ª—å—è–Ω–æ–≤—Å–∫, –£–ª—å—è–Ω–æ–≤—Å–∫–∞—è –æ–±–ª–∞—Å—Ç—å",–ü–µ–Ω–∑–∞,20,90
65,239 –∫–º,—Ç–µ–Ω—Ç. –±–æ—Ä—Ç. –æ—Ç–∫—Ä.–∫–æ–Ω—Ç. –±–µ–∑–±–æ—Ä—Ç. —à–∞–ª. —Ä–∞–º–Ω. –Ω–ø–ª. —Ç—Ä–∞–ª,4-5 –∏—é–ª,,"14 500 ‚ÇΩ;60,7‚ÇΩ/–∫–º",–£–ª—å—è–Ω–æ–≤—Å–∫,"–õ—è–º–±–∏—Ä—å, –ú–æ—Ä–¥–æ–≤–∏—è —Ä–µ—Å–ø—É–±–ª–∏–∫–∞",20,-
66,397 –∫–º,—Ç–µ–Ω—Ç. –∏–∑–æ—Ç–µ—Ä–º —Ä–µ—Ñ.,3 –∏—é–ª,,,–£–ª—å—è–Ω–æ–≤—Å–∫,–ü–µ–Ω–∑–∞,20,-
67,397 –∫–º,—Ç–µ–Ω—Ç.,4 –∏—é–ª,,"4 500 ‚ÇΩ;11,3‚ÇΩ/–∫–º",–£–ª—å—è–Ω–æ–≤—Å–∫,–ü–µ–Ω–∑–∞,"0,7",-
68,303 –∫–º,–∑–∞–∫—Ä.,4 –∏—é–ª,,,"–£–ª—å—è–Ω–æ–≤—Å–∫, –ú–µ–ª–µ–∫–µ—Å—Å–∫–∞—è 8","–ö—É–∑–Ω–µ—Ü–∫, –ü–µ–Ω–∑–µ–Ω—Å–∫–∞—è –æ–±–ª–∞—Å—Ç—å","1,1",15
69,114 –∫–º,—Ç–µ–Ω—Ç. –∫–æ–Ω—Ç. —Ñ—É—Ä–≥. —Ü–º–µ—Ç. –æ—Ç–∫—Ä.,4 –∏—é–ª,,,"–£–ª—å—è–Ω–æ–≤—Å–∫, ‚úÖ‚úÖ‚úÖ‚úÖ‚úÖ","–ë–µ–ª—ã–π –ö–ª—é—á (–°—É—Ä—Å–∫–∏–π —Ä), –£–ª—å—è–Ω–æ–≤—Å–∫–∞—è –æ–±–ª–∞—Å—Ç—å, ‚úÖ‚úÖ‚úÖ‚úÖ‚úÖ",20,-
70,390 –∫–º,—Ç–µ–Ω—Ç.,4-5 –∏—é–ª 8:00-16:00,,,"–°–∏–ª–∏–∫–∞—Ç–Ω—ã–π, –£–ª—å—è–Ω–æ–≤—Å–∫–∞—è –æ–±–ª–∞—Å—Ç—å",–ü–µ–Ω–∑–∞,20,72
71,209 –∫–º,—Ç–µ–Ω—Ç. –±–æ—Ä—Ç.,3-12 –∏—é–ª,,"8 000 ‚ÇΩ;38,3‚ÇΩ/–∫–º","–ù–æ–≤–æ—Å–ø–∞—Å—Å–∫–æ–µ, –£–ª—å—è–Ω–æ–≤—Å–∫–∞—è –æ–±–ª–∞—Å—Ç—å",–ü–µ–Ω–∑–∞,21,31
72,126 –∫–º,—Ç–µ–Ω—Ç. –±–æ—Ä—Ç.,3-4 –∏—é–ª,,,–£–ª—å—è–Ω–æ–≤—Å–∫,"–°—É—Ä—Å–∫–æ–µ, –£–ª—å—è–Ω–æ–≤—Å–∫–∞—è –æ–±–ª–∞—Å—Ç—å",20,-
73,404 –∫–º,—Ñ—É—Ä–≥. –∏–∑–æ—Ç–µ—Ä–º,4 –∏—é–ª,,,"–£–ª—å—è–Ω–æ–≤—Å–∫, –°–µ–ª—å–¥–∏–Ω—Å–∫–æ–µ —à–æ—Å—Å–µ",–ü–µ–Ω–∑–∞,"6,5",30
74,172 –∫–º,–æ—Ç–∫—Ä. –Ω–µ–≥–∞–±.,4-8 –∏—é–ª,,,"–£–ª—å—è–Ω–æ–≤—Å–∫, –ú–æ—Å–∫–æ–≤—Å–∫–æ–µ —à.","–ò–Ω–∑–∞, –£–ª—å—è–Ω–æ–≤—Å–∫–∞—è –æ–±–ª–∞—Å—Ç—å",10,-
75,397 –∫–º,–∑–∞–∫—Ä.,2-5 –∏—é–ª –∫—Ä—É–≥–ª–æ—Å—É—Ç–æ—á–Ω–æ,,,–£–ª—å—è–Ω–æ–≤—Å–∫,–ü–µ–Ω–∑–∞,"0,01","0,7"
76,239 –∫–º,20 –º–∞—à. —Ç–µ–Ω—Ç. –±–æ—Ä—Ç.,–ø–æ—Å—Ç–æ—è–Ω–Ω–æ –ø–æ —Ä–∞–±.–¥–Ω—è–º,,"13 000 ‚ÇΩ;54,4‚ÇΩ/–∫–º",–£–ª—å—è–Ω–æ–≤—Å–∫,"–õ—è–º–±–∏—Ä—å, –ú–æ—Ä–¥–æ–≤–∏—è —Ä–µ—Å–ø—É–±–ª–∏–∫–∞",20,-
77,397 –∫–º,—Ç–µ–Ω—Ç. –∫–æ–Ω—Ç. —Ñ—É—Ä–≥. —Ü–º–µ—Ç.,2-11 –∏—é–ª,,,–£–ª—å—è–Ω–æ–≤—Å–∫,–ü–µ–Ω–∑–∞,"0,15","0,5"
78,207 –∫–º,—Ç–µ–Ω—Ç. –±–æ—Ä—Ç. –±–µ–∑–±–æ—Ä—Ç. —à–∞–ª. —Ç—Ä–∞–ª,–ø–æ—Å—Ç–æ—è–Ω–Ω–æ –µ–∂–µ–¥–Ω. –∫—Ä—É–≥–ª–æ—Å—É—Ç–æ—á–Ω–æ,,"12 000 ‚ÇΩ;58,0‚ÇΩ/–∫–º","–ù–æ–≤–æ—Å–ø–∞—Å—Å–∫–æ–µ, –£–ª—å—è–Ω–æ–≤—Å–∫–∞—è –æ–±–ª–∞—Å—Ç—å, —É–ª.–ó–∞–≤–æ–¥—Å–∫–∞—è, 57",–ü–µ–Ω–∑–∞,22,32
79,257 –∫–º,3 –º–∞—à. –±–æ—Ä—Ç. –±–µ–∑–±–æ—Ä—Ç. –Ω–µ–≥–∞–±.,2-5 –∏—é–ª,,,"–ú–æ–ª–≤–∏–Ω–æ –ø–æ—Å —Å—Ç–∞–Ω—Ü–∏–∏, –£–ª—å—è–Ω–æ–≤—Å–∫–∞—è –æ–±–ª–∞—Å—Ç—å","–°—Ä–µ–¥–Ω—è—è  –ï–ª—é–∑–∞–Ω—å, –ü–µ–Ω–∑–µ–Ω—Å–∫–∞—è –æ–±–ª–∞—Å—Ç—å",20,-
80,325 –∫–º,–∑–∞–∫—Ä.,6-7 –∏—é–ª,,,"–î–∏–º–∏—Ç—Ä–æ–≤–≥—Ä–∞–¥, –£–ª—å—è–Ω–æ–≤—Å–∫–∞—è –æ–±–ª–∞—Å—Ç—å, 50 –ª–µ—Ç –æ–∫—Ç—è–±—Ä—è 113","–õ—è–º–±–∏—Ä—å, –ú–æ—Ä–¥–æ–≤–∏—è —Ä–µ—Å–ø—É–±–ª–∏–∫–∞, –û–∫—Ç—è–±—Ä—å—Å–∫–∞—è 82",5,24
81,787 –∫–º,3 –º–∞—à. —Ç—è–≥–∞—á,–ø–æ—Å—Ç–æ—è–Ω–Ω–æ –µ–∂–µ–¥–Ω.,,,–£–ª—å—è–Ω–æ–≤—Å–∫,–ü–µ–Ω–∑–∞,20,36
82,397 –∫–º,—Ç–µ–Ω—Ç.,5 –∏—é–ª,,,–£–ª—å—è–Ω–æ–≤—Å–∫,–ü–µ–Ω–∑–∞,20,86
83,239 –∫–º,—Ç–µ–Ω—Ç. –æ—Ç–∫—Ä. –Ω–µ–≥–∞–±.,–ø–æ—Å—Ç–æ—è–Ω–Ω–æ –ø–æ —Ä–∞–±.–¥–Ω—è–º,,,–£–ª—å—è–Ω–æ–≤—Å–∫,"–õ—è–º–±–∏—Ä—å, –ú–æ—Ä–¥–æ–≤–∏—è —Ä–µ—Å–ø—É–±–ª–∏–∫–∞",20,-
84,197 –∫–º,—Å—Å–≤–ª.,1-6 –∏—é–ª,,,–£–ª—å—è–Ω–æ–≤—Å–∫,"–ö–∞–º–µ–Ω–∫–∞ (–ê—Ç—è—à–µ–≤—Å–∫–∏–π —Ä), –ú–æ—Ä–¥–æ–≤–∏—è —Ä–µ—Å–ø—É–±–ª–∏–∫–∞","1,5",40
85,401 –∫–º,—Ç–µ–Ω—Ç.,4 –∏—é–ª 15:00-17:00,5 –∏—é–ª 8:00-17:00,,"–£–ª—å—è–Ω–æ–≤—Å–∫, —É–ª.–ú–∞—è–∫–æ–≤—Å–∫–æ–≥–æ 55/11","–ë–µ—Å—Å–æ–Ω–æ–≤–∫–∞, –ü–µ–Ω–∑–µ–Ω—Å–∫–∞—è –æ–±–ª–∞—Å—Ç—å, –î–æ—Ä–æ–∂–Ω–∞—è 22–∞","3,6",-
86,176 –∫–º,–∑–∞–∫—Ä.,–ø–æ—Å—Ç–æ—è–Ω–Ω–æ –ø–æ —Ä–∞–±.–¥–Ω—è–º,8 –∏—é–ª,"14 000 ‚ÇΩ;79,5‚ÇΩ/–∫–º",–£–ª—å—è–Ω–æ–≤—Å–∫,"–ê—Ç—è—à–µ–≤–æ (–ê—Ç—è—à–µ–≤—Å–∫–∏–π —Ä) —Å–µ–ª–æ, –ú–æ—Ä–¥–æ–≤–∏—è —Ä–µ—Å–ø—É–±–ª–∏–∫–∞",13,86
87,239 –∫–º,20 –º–∞—à. —Ç–µ–Ω—Ç. –±–æ—Ä—Ç.,–ø–æ—Å—Ç–æ—è–Ω–Ω–æ –ø–æ —Ä–∞–±.–¥–Ω—è–º,,,–£–ª—å—è–Ω–æ–≤—Å–∫,"–õ—è–º–±–∏—Ä—å, –ú–æ—Ä–¥–æ–≤–∏—è —Ä–µ—Å–ø—É–±–ª–∏–∫–∞",20,-
88,6367 –∫–º,—Ç–µ–Ω—Ç.,5 –∏—é–ª,,,"–ù–æ–≤–æ—É–ª—å—è–Ω–æ–≤—Å–∫, –£–ª—å—è–Ω–æ–≤—Å–∫–∞—è –æ–±–ª–∞—Å—Ç—å, –≥–æ—Ä–æ–¥","–ù–æ–≤–æ—É–ª—å—è–Ω–æ–≤—Å–∫, –£–ª—å—è–Ω–æ–≤—Å–∫–∞—è –æ–±–ª–∞—Å—Ç—å, –≥–æ—Ä–æ–¥",24,164
89,397 –∫–º,–∑–∞–∫—Ä. —Ä–µ—Ñ.,4 –∏—é–ª,,"20 000 ‚ÇΩ;50,4‚ÇΩ/–∫–º",–£–ª—å—è–Ω–æ–≤—Å–∫,–ü–µ–Ω–∑–∞,20,82
90,315 –∫–º,–∑–∞–∫—Ä.,4 –∏—é–ª 8:00-17:00,9:00-18:00,,"–£–ª—å—è–Ω–æ–≤—Å–∫, –î–∏–º–∏—Ç—Ä–æ–≤–≥—Ä–∞–¥—Å–∫–æ–µ —à–æ—Å—Å–µ, 89","–ö—É–∑–Ω–µ—Ü–∫, –ü–µ–Ω–∑–µ–Ω—Å–∫–∞—è –æ–±–ª–∞—Å—Ç—å, –ü–æ—Å–µ–ª—å—Å–∫–∏–π –º–∞—Å—Å–∏–≤, –ó–£ ‚Ññ1","0,195","1,2"
91,364 –∫–º,—Ç–µ–Ω—Ç.,5-6 –∏—é–ª –∫—Ä—É–≥–ª–æ—Å—É—Ç–æ—á–Ω–æ,,"25 000 ‚ÇΩ;68,7‚ÇΩ/–∫–º","–ù–∏–∫–æ–ª–∞–µ–≤–∫–∞, –£–ª—å—è–Ω–æ–≤—Å–∫–∞—è –æ–±–ª–∞—Å—Ç—å","–£–º–µ—Ç, –ú–æ—Ä–¥–æ–≤–∏—è —Ä–µ—Å–ø—É–±–ª–∏–∫–∞",20,-
92,658 –∫–º,—Ç–µ–Ω—Ç.,–ø–æ—Å—Ç–æ—è–Ω–Ω–æ –µ–∂–µ–¥–Ω.,,,–£–ª—å—è–Ω–æ–≤—Å–∫,"–ë–∞–ª–∞—à–æ–≤, –°–∞—Ä–∞—Ç–æ–≤—Å–∫–∞—è –æ–±–ª–∞—Å—Ç—å",20,82
93,303 –∫–º,—Ü–µ–º. —Ü–∏—Å—Ç.,–ø–æ—Å—Ç–æ—è–Ω–Ω–æ –µ–∂–µ–¥–Ω.,,1¬†000 ‚ÇΩ/—Ç—Å –ù–î–° 1¬†000 ‚ÇΩ/—Ç —Å –ù–î–°,"–ö—Ä–∞—Å–Ω—ã–π –ì—É–ª—è–π, –£–ª—å—è–Ω–æ–≤—Å–∫–∞—è –æ–±–ª–∞—Å—Ç—å","–ù–∏–∂–Ω—è—è –ï–ª—é–∑–∞–Ω—å, –ü–µ–Ω–∑–µ–Ω—Å–∫–∞—è –æ–±–ª–∞—Å—Ç—å",20,-
94,265 –∫–º,20 –º–∞—à. —Ç–µ–Ω—Ç. –±–æ—Ä—Ç.,–ø–æ—Å—Ç–æ—è–Ω–Ω–æ –ø–æ —Ä–∞–±.–¥–Ω—è–º,,"16 000 ‚ÇΩ;60,4‚ÇΩ/–∫–º","–£–ª—å—è–Ω–æ–≤—Å–∫, 6-–û–ô –ò–ù–ñ–ï–ù–ï–†–ù–´–ô","–õ—è–º–±–∏—Ä—å, –ú–æ—Ä–¥–æ–≤–∏—è —Ä–µ—Å–ø—É–±–ª–∏–∫–∞",20,-
95,397 –∫–º,—Ç–µ–Ω—Ç. –∏–∑–æ—Ç–µ—Ä–º —Ä–µ—Ñ.,–ø–æ—Å—Ç–æ—è–Ω–Ω–æ –ø–æ —Ä–∞–±.–¥–Ω—è–º,,,–£–ª—å—è–Ω–æ–≤—Å–∫,–ü–µ–Ω–∑–∞,20,82
96,435 –∫–º,–∑–∞–∫—Ä. —Ä–µ—Ñ.,–ø–æ—Å—Ç–æ—è–Ω–Ω–æ –µ–∂–µ–¥–Ω. 0:00,,,–£–ª—å—è–Ω–æ–≤—Å–∫,–ü–µ–Ω–∑–∞,20,82
97,342 –∫–º,—Ç–µ–Ω—Ç.,1-4 –∏—é–ª,,,"–Ø—Å–∞—à–Ω–∞—è –¢–∞—à–ª–∞, –£–ª—å—è–Ω–æ–≤—Å–∫–∞—è –æ–±–ª–∞—Å—Ç—å",–ü–µ–Ω–∑–∞,20,82
98,397 –∫–º,—Ç–µ–Ω—Ç. –∏–∑–æ—Ç–µ—Ä–º —Ä–µ—Ñ.,1-6 –∏—é–ª,,,–£–ª—å—è–Ω–æ–≤—Å–∫,–ü–µ–Ω–∑–∞,20,82
99,209 –∫–º,—Ç–µ–Ω—Ç. –±–æ—Ä—Ç.,–ø–æ—Å—Ç–æ—è–Ω–Ω–æ –µ–∂–µ–¥–Ω. –∫—Ä—É–≥–ª–æ—Å—É—Ç–æ—á–Ω–æ,,"9 000 ‚ÇΩ;43,1‚ÇΩ/–∫–º","–ù–æ–≤–æ—Å–ø–∞—Å—Å–∫–æ–µ, –£–ª—å—è–Ω–æ–≤—Å–∫–∞—è –æ–±–ª–∞—Å—Ç—å",–ü–µ–Ω–∑–∞,20,82
100,373 –∫–º,—Ç–µ–Ω—Ç. –±–æ—Ä—Ç. —à–∞–ª.,–ø–æ—Å—Ç–æ—è–Ω–Ω–æ –µ–∂–µ–¥–Ω. –∫—Ä—É–≥–ª–æ—Å—É—Ç–æ—á–Ω–æ,,,"–ù–æ–≤–æ—Å–ø–∞—Å—Å–∫–æ–µ, –£–ª—å—è–Ω–æ–≤—Å–∫–∞—è –æ–±–ª–∞—Å—Ç—å","–ö–æ–≤—ã–ª–∫–∏–Ω–æ, –ú–æ—Ä–¥–æ–≤–∏—è —Ä–µ—Å–ø—É–±–ª–∏–∫–∞",20,20
101,209 –∫–º,—Ç–µ–Ω—Ç. –±–æ—Ä—Ç. —à–∞–ª.,29 –∏—é–Ω-4 –∏—é–ª,,,"–ù–æ–≤–æ—Å–ø–∞—Å—Å–∫–æ–µ, –£–ª—å—è–Ω–æ–≤—Å–∫–∞—è –æ–±–ª–∞—Å—Ç—å",–ü–µ–Ω–∑–∞,22,-
102,242 –∫–º,—Å—Å–≤–ª.,–ø–æ—Å—Ç–æ—è–Ω–Ω–æ –ø–æ —Ä–∞–±.–¥–Ω—è–º,,,"–¶–µ–º–∑–∞–≤–æ–¥, –£–ª—å—è–Ω–æ–≤—Å–∫–∞—è –æ–±–ª–∞—Å—Ç—å","–ö–æ–º—Å–æ–º–æ–ª—å—Å–∫–∏–π, –ú–æ—Ä–¥–æ–≤–∏—è —Ä–µ—Å–ø—É–±–ª–∏–∫–∞",21,30
103,275 –∫–º,—Ç–µ–Ω—Ç. –∏–∑–æ—Ç–µ—Ä–º,–ø–æ—Å—Ç–æ—è–Ω–Ω–æ –µ–∂–µ–¥–Ω.,,,"–£–ª—å—è–Ω–æ–≤—Å–∫, –≥–∞—è 95","–ö—É–∑–Ω–µ—Ü–∫, –ü–µ–Ω–∑–µ–Ω—Å–∫–∞—è –æ–±–ª–∞—Å—Ç—å",20,-
104,397 –∫–º,—Ç–µ–Ω—Ç. –∏–∑–æ—Ç–µ—Ä–º,–ø–æ—Å—Ç–æ—è–Ω–Ω–æ –µ–∂–µ–¥–Ω.,,,"–£–ª—å—è–Ω–æ–≤—Å–∫, –≥–∞—è 95",–ü–µ–Ω–∑–∞,20,82
105,342 –∫–º,—Ç–µ–Ω—Ç.,29 –∏—é–Ω-4 –∏—é–ª,,,"–Ø—Å–∞—à–Ω–∞—è –¢–∞—à–ª–∞, –£–ª—å—è–Ω–æ–≤—Å–∫–∞—è –æ–±–ª–∞—Å—Ç—å",–ü–µ–Ω–∑–∞,20,82
106,342 –∫–º,—Ç–µ–Ω—Ç.,–ø–æ—Å—Ç–æ—è–Ω–Ω–æ –ø–æ —Ä–∞–±.–¥–Ω—è–º,,,"–Ø—Å–∞—à–Ω–∞—è –¢–∞—à–ª–∞, –£–ª—å—è–Ω–æ–≤—Å–∫–∞—è –æ–±–ª–∞—Å—Ç—å",–ü–µ–Ω–∑–∞,20,82
107,383 –∫–º,—Ç–µ–Ω—Ç.,–ø–æ—Å—Ç–æ—è–Ω–Ω–æ –ø–æ —Ä–∞–±.–¥–Ω—è–º,,,"–ù–æ–≤–æ—É–ª—å—è–Ω–æ–≤—Å–∫, –£–ª—å—è–Ω–æ–≤—Å–∫–∞—è –æ–±–ª–∞—Å—Ç—å",–ü–µ–Ω–∑–∞,10,90
108,341 –∫–º,30 –º–∞—à. —Å—Å–≤–ª. –∑–µ—Ä–Ω.,–ø–æ—Å—Ç–æ—è–Ω–Ω–æ –µ–∂–µ–¥–Ω.,,,–£–ª—å—è–Ω–æ–≤—Å–∫,"–ö–æ–≤—ã–ª–∫–∏–Ω–æ, –ú–æ—Ä–¥–æ–≤–∏—è —Ä–µ—Å–ø—É–±–ª–∏–∫–∞",35,40
109,209 –∫–º,—Ç–µ–Ω—Ç.,–ø–æ—Å—Ç–æ—è–Ω–Ω–æ –µ–∂–µ–¥–Ω.,,,"–ù–æ–≤–æ—Å–ø–∞—Å—Å–∫–æ–µ, –£–ª—å—è–Ω–æ–≤—Å–∫–∞—è –æ–±–ª–∞—Å—Ç—å",–ü–µ–Ω–∑–∞,19,60
110,397 –∫–º,—Ç–µ–Ω—Ç. –∏–∑–æ—Ç–µ—Ä–º —Ä–µ—Ñ.,–ø–æ—Å—Ç–æ—è–Ω–Ω–æ –ø–æ —Ä–∞–±.–¥–Ω—è–º,,,–£–ª—å—è–Ω–æ–≤—Å–∫,–ü–µ–Ω–∑–∞,20,82
111,275 –∫–º,–∑–∞–∫—Ä. —Ä–µ—Ñ.,–ø–æ—Å—Ç–æ—è–Ω–Ω–æ –ø–æ —Ä–∞–±.–¥–Ω—è–º,,,–£–ª—å—è–Ω–æ–≤—Å–∫,"–ö—É–∑–Ω–µ—Ü–∫, –ü–µ–Ω–∑–µ–Ω—Å–∫–∞—è –æ–±–ª–∞—Å—Ç—å",20,82
112,209 –∫–º,—Ç–µ–Ω—Ç. –±–æ—Ä—Ç. —à–∞–ª. —Ä–∞–º–Ω. –Ω–ø–ª. —Ç—Ä–∞–ª,–ø–æ—Å—Ç–æ—è–Ω–Ω–æ –ø–æ —Ä–∞–±.–¥–Ω—è–º 8:00-18:00,8:00-12:00,,"–ù–æ–≤–æ—Å–ø–∞—Å—Å–∫–æ–µ, –£–ª—å—è–Ω–æ–≤—Å–∫–∞—è –æ–±–ª–∞—Å—Ç—å",–ü–µ–Ω–∑–∞,"8,5",-
113,397 –∫–º,—Ç–µ–Ω—Ç. –∏–∑–æ—Ç–µ—Ä–º —Ä–µ—Ñ.,–ø–æ—Å—Ç–æ—è–Ω–Ω–æ –µ–∂–µ–¥–Ω.,,"28 000 ‚ÇΩ;70,5‚ÇΩ/–∫–º",–£–ª—å—è–Ω–æ–≤—Å–∫,–ü–µ–Ω–∑–∞,20,-
